AreaInPixels,PhysicalSize,Polygon
42,42,[60049.0:7972.0:60048.0:7973.0:60048.0:7975.0:60049.0:7976.0:60052.0:7976.0:60053.0:7977.0:60053.0:7979.0:60059.0:7979.0:60059.0:7978.0:60058.0:7978.0:60056.0:7976.0:60056.0:7973.0:60053.0:7973.0:60052.0:7972.0]
11,11,[60833.0:7961.0:60833.0:7964.0:60836.0:7964.0:60837.0:7963.0:60837.0:7961.0]
371,371,[61450.0:7933.0:61449.0:7934.0:61449.0:7936.0:61448.0:7937.0:61446.0:7937.0:61445.0:7938.0:61445.0:7940.0:61444.0:7941.0:61444.0:7944.0:61445.0:7945.0:61445.0:7952.0:61447.0:7952.0:61449.0:7954.0:61449.0:7956.0:61460.0:7956.0:61461.0:7955.0:61463.0:7955.0:61463.0:7953.0:61464.0:7952.0:61464.0:7938.0:61463.0:7937.0:61460.0:7937.0:61459.0:7936.0:61457.0:7936.0:61456.0:7935.0:61456.0:7934.0:61452.0:7934.0:61451.0:7933.0]
912,912,[60090.0:7885.0:60089.0:7886.0:60089.0:7887.0:60087.0:7889.0:60085.0:7889.0:60086.0:7890.0:60086.0:7891.0:60087.0:7891.0:60088.0:7892.0:60089.0:7892.0:60090.0:7893.0:60092.0:7893.0:60093.0:7894.0:60093.0:7895.0:60096.0:7895.0:60096.0:7894.0:60097.0:7893.0:60099.0:7893.0:60100.0:7894.0:60100.0:7896.0:60102.0:7898.0:60102.0:7900.0:60101.0:7901.0:60101.0:7903.0:60102.0:7904.0:60104.0:7904.0:60106.0:7906.0:60106.0:7907.0:60105.0:7908.0:60105.0:7912.0:60103.0:7914.0:60102.0:7914.0:60102.0:7916.0:60101.0:7917.0:60101.0:7931.0:60102.0:7932.0:60104.0:7932.0:60105.0:7933.0:60112.0:7933.0:60113.0:7932.0:60115.0:7932.0:60116.0:7931.0:60116.0:7929.0:60117.0:7928.0:60117.0:7925.0:60118.0:7924.0:60119.0:7924.0:60119.0:7921.0:60118.0:7921.0:60117.0:7920.0:60117.0:7917.0:60118.0:7916.0:60119.0:7916.0:60119.0:7914.0:60118.0:7914.0:60116.0:7912.0:60116.0:7910.0:60118.0:7908.0:60120.0:7908.0:60120.0:7905.0:60121.0:7904.0:60121.0:7902.0:60122.0:7901.0:60123.0:7901.0:60123.0:7898.0:60124.0:7897.0:60124.0:7889.0:60122.0:7889.0:60120.0:7887.0:60120.0:7885.0:60109.0:7885.0:60108.0:7886.0:60108.0:7887.0:60107.0:7888.0:60101.0:7888.0:60100.0:7889.0:60098.0:7889.0:60096.0:7887.0:60096.0:7886.0:60092.0:7886.0:60091.0:7885.0]
491,491,[61225.0:7884.0:61224.0:7885.0:61220.0:7885.0:61219.0:7886.0:61218.0:7886.0:61218.0:7887.0:61216.0:7889.0:61216.0:7891.0:61215.0:7892.0:61214.0:7892.0:61213.0:7893.0:61213.0:7900.0:61214.0:7901.0:61215.0:7901.0:61216.0:7902.0:61216.0:7904.0:61217.0:7905.0:61217.0:7907.0:61218.0:7908.0:61220.0:7908.0:61222.0:7910.0:61222.0:7911.0:61224.0:7911.0:61224.0:7910.0:61225.0:7909.0:61228.0:7909.0:61229.0:7908.0:61232.0:7908.0:61233.0:7907.0:61233.0:7906.0:61234.0:7905.0:61235.0:7905.0:61236.0:7904.0:61236.0:7898.0:61237.0:7897.0:61237.0:7893.0:61236.0:7892.0:61236.0:7886.0:61235.0:7885.0:61233.0:7885.0:61232.0:7884.0]
61,61,[60006.0:7882.0:60006.0:7883.0:60004.0:7885.0:60004.0:7887.0:60003.0:7888.0:60001.0:7888.0:60001.0:7892.0:60003.0:7892.0:60004.0:7891.0:60004.0:7890.0:60006.0:7888.0:60013.0:7888.0:60013.0:7885.0:60012.0:7884.0:60012.0:7882.0]
69,69,[60889.0:7848.0:60889.0:7852.0:60887.0:7854.0:60886.0:7854.0:60886.0:7855.0:60887.0:7855.0:60889.0:7857.0:60889.0:7859.0:60890.0:7860.0:60891.0:7860.0:60892.0:7859.0:60892.0:7857.0:60894.0:7855.0:60895.0:7855.0:60895.0:7853.0:60896.0:7852.0:60896.0:7849.0:60895.0:7848.0]
298,298,[60637.0:7825.0:60636.0:7826.0:60633.0:7826.0:60633.0:7828.0:60632.0:7829.0:60632.0:7835.0:60633.0:7836.0:60633.0:7840.0:60636.0:7840.0:60637.0:7841.0:60637.0:7844.0:60639.0:7844.0:60641.0:7846.0:60641.0:7847.0:60644.0:7847.0:60644.0:7846.0:60646.0:7844.0:60648.0:7844.0:60648.0:7840.0:60649.0:7839.0:60649.0:7832.0:60650.0:7831.0:60651.0:7831.0:60651.0:7830.0:60649.0:7830.0:60648.0:7829.0:60648.0:7826.0:60647.0:7825.0]
275,275,[60006.0:7825.0:60005.0:7826.0:60005.0:7828.0:60003.0:7830.0:60001.0:7830.0:60001.0:7845.0:60004.0:7845.0:60005.0:7846.0:60005.0:7847.0:60007.0:7847.0:60007.0:7846.0:60006.0:7846.0:60005.0:7845.0:60005.0:7842.0:60006.0:7841.0:60008.0:7841.0:60009.0:7842.0:60009.0:7843.0:60013.0:7843.0:60013.0:7842.0:60014.0:7841.0:60015.0:7841.0:60016.0:7840.0:60016.0:7837.0:60018.0:7835.0:60019.0:7835.0:60019.0:7833.0:60021.0:7831.0:60023.0:7831.0:60023.0:7830.0:60022.0:7830.0:60021.0:7829.0:60018.0:7829.0:60016.0:7827.0:60016.0:7826.0:60012.0:7826.0:60011.0:7825.0]
1379,1379,[60086.0:7814.0:60086.0:7815.0:60084.0:7817.0:60082.0:7817.0:60081.0:7818.0:60081.0:7820.0:60080.0:7821.0:60080.0:7823.0:60079.0:7824.0:60078.0:7824.0:60077.0:7825.0:60077.0:7828.0:60075.0:7830.0:60074.0:7830.0:60074.0:7841.0:60080.0:7841.0:60081.0:7842.0:60081.0:7843.0:60085.0:7843.0:60085.0:7842.0:60086.0:7841.0:60087.0:7841.0:60088.0:7842.0:60088.0:7843.0:60092.0:7843.0:60092.0:7842.0:60093.0:7841.0:60096.0:7841.0:60097.0:7840.0:60104.0:7840.0:60105.0:7841.0:60107.0:7841.0:60108.0:7842.0:60108.0:7843.0:60109.0:7844.0:60111.0:7844.0:60112.0:7845.0:60115.0:7845.0:60116.0:7846.0:60116.0:7848.0:60117.0:7849.0:60117.0:7851.0:60118.0:7852.0:60120.0:7852.0:60121.0:7853.0:60121.0:7855.0:60122.0:7856.0:60133.0:7856.0:60134.0:7855.0:60135.0:7855.0:60135.0:7854.0:60136.0:7853.0:60136.0:7852.0:60137.0:7851.0:60137.0:7849.0:60138.0:7848.0:60139.0:7848.0:60139.0:7845.0:60138.0:7845.0:60136.0:7843.0:60136.0:7841.0:60134.0:7841.0:60133.0:7840.0:60133.0:7838.0:60132.0:7837.0:60129.0:7837.0:60128.0:7836.0:60128.0:7834.0:60127.0:7833.0:60125.0:7833.0:60123.0:7831.0:60123.0:7830.0:60122.0:7830.0:60120.0:7828.0:60120.0:7826.0:60119.0:7825.0:60113.0:7825.0:60112.0:7824.0:60110.0:7824.0:60109.0:7823.0:60109.0:7822.0:60108.0:7821.0:60106.0:7821.0:60104.0:7819.0:60104.0:7818.0:60102.0:7818.0:60101.0:7817.0:60094.0:7817.0:60093.0:7816.0:60092.0:7816.0:60091.0:7815.0:60091.0:7814.0]
27,27,[60242.0:7801.0:60242.0:7804.0:60251.0:7804.0:60251.0:7801.0]
589,589,[61574.0:7773.0:61573.0:7774.0:61573.0:7775.0:61571.0:7777.0:61570.0:7777.0:61569.0:7778.0:61569.0:7781.0:61568.0:7782.0:61568.0:7783.0:61567.0:7784.0:61566.0:7784.0:61565.0:7785.0:61564.0:7785.0:61564.0:7788.0:61566.0:7790.0:61566.0:7791.0:61567.0:7791.0:61570.0:7794.0:61570.0:7795.0:61573.0:7795.0:61574.0:7796.0:61585.0:7796.0:61586.0:7795.0:61588.0:7795.0:61588.0:7794.0:61590.0:7792.0:61595.0:7792.0:61596.0:7791.0:61596.0:7777.0:61595.0:7776.0:61593.0:7776.0:61592.0:7775.0:61592.0:7774.0:61591.0:7773.0]
854,854,[60137.0:7769.0:60136.0:7770.0:60136.0:7771.0:60135.0:7772.0:60134.0:7772.0:60133.0:7773.0:60133.0:7777.0:60134.0:7778.0:60134.0:7784.0:60135.0:7784.0:60137.0:7786.0:60137.0:7788.0:60140.0:7788.0:60142.0:7790.0:60142.0:7791.0:60149.0:7791.0:60149.0:7790.0:60150.0:7789.0:60151.0:7789.0:60152.0:7790.0:60152.0:7791.0:60153.0:7791.0:60154.0:7792.0:60156.0:7792.0:60157.0:7791.0:60163.0:7791.0:60164.0:7792.0:60171.0:7792.0:60172.0:7791.0:60175.0:7791.0:60175.0:7789.0:60177.0:7787.0:60177.0:7785.0:60178.0:7784.0:60179.0:7784.0:60180.0:7783.0:60180.0:7777.0:60177.0:7777.0:60176.0:7776.0:60176.0:7774.0:60175.0:7773.0:60170.0:7773.0:60169.0:7772.0:60164.0:7772.0:60163.0:7773.0:60162.0:7773.0:60161.0:7772.0:60157.0:7772.0:60156.0:7771.0:60156.0:7770.0:60153.0:7770.0:60152.0:7769.0]
174,174,[60014.0:7769.0:60013.0:7770.0:60012.0:7770.0:60012.0:7771.0:60011.0:7772.0:60009.0:7772.0:60008.0:7771.0:60008.0:7770.0:60005.0:7770.0:60005.0:7776.0:60004.0:7777.0:60004.0:7780.0:60005.0:7781.0:60005.0:7783.0:60006.0:7784.0:60007.0:7784.0:60008.0:7783.0:60008.0:7781.0:60009.0:7780.0:60012.0:7780.0:60013.0:7781.0:60013.0:7783.0:60016.0:7783.0:60016.0:7781.0:60017.0:7780.0:60019.0:7780.0:60020.0:7779.0:60020.0:7770.0:60019.0:7769.0]
40,40,[60040.0:7741.0:60040.0:7743.0:60039.0:7744.0:60037.0:7744.0:60036.0:7745.0:60036.0:7747.0:60037.0:7748.0:60040.0:7748.0:60041.0:7747.0:60044.0:7747.0:60044.0:7741.0]
1,1,[60046.0:7738.0:60046.0:7739.0:60047.0:7739.0:60047.0:7738.0]
643,643,[60102.0:7712.0:60100.0:7714.0:60100.0:7715.0:60099.0:7716.0:60098.0:7716.0:60096.0:7718.0:60096.0:7720.0:60095.0:7721.0:60094.0:7721.0:60094.0:7725.0:60095.0:7725.0:60096.0:7726.0:60096.0:7731.0:60097.0:7732.0:60097.0:7733.0:60098.0:7734.0:60098.0:7735.0:60100.0:7735.0:60101.0:7736.0:60103.0:7736.0:60105.0:7738.0:60105.0:7739.0:60112.0:7739.0:60113.0:7740.0:60116.0:7740.0:60117.0:7739.0:60119.0:7739.0:60119.0:7738.0:60121.0:7736.0:60123.0:7736.0:60123.0:7734.0:60124.0:7733.0:60124.0:7729.0:60125.0:7728.0:60125.0:7725.0:60124.0:7724.0:60124.0:7721.0:60123.0:7720.0:60122.0:7720.0:60121.0:7719.0:60121.0:7718.0:60120.0:7717.0:60117.0:7717.0:60116.0:7716.0:60116.0:7714.0:60115.0:7713.0:60106.0:7713.0:60105.0:7712.0]
568,568,[60361.0:7698.0:60361.0:7704.0:60359.0:7706.0:60358.0:7706.0:60358.0:7707.0:60355.0:7710.0:60354.0:7710.0:60354.0:7711.0:60353.0:7712.0:60353.0:7713.0:60352.0:7714.0:60352.0:7716.0:60353.0:7717.0:60353.0:7720.0:60352.0:7721.0:60349.0:7721.0:60348.0:7722.0:60346.0:7722.0:60346.0:7725.0:60347.0:7725.0:60348.0:7726.0:60348.0:7727.0:60349.0:7728.0:60351.0:7728.0:60352.0:7729.0:60352.0:7732.0:60357.0:7732.0:60358.0:7733.0:60359.0:7733.0:60360.0:7732.0:60360.0:7730.0:60361.0:7729.0:60363.0:7729.0:60364.0:7728.0:60365.0:7728.0:60366.0:7727.0:60367.0:7727.0:60367.0:7726.0:60370.0:7723.0:60371.0:7723.0:60371.0:7721.0:60372.0:7720.0:60372.0:7717.0:60374.0:7715.0:60375.0:7715.0:60375.0:7706.0:60374.0:7706.0:60372.0:7704.0:60372.0:7701.0:60370.0:7701.0:60369.0:7700.0:60368.0:7700.0:60367.0:7699.0:60367.0:7698.0]
387,387,[62245.0:7694.0:62245.0:7695.0:62244.0:7696.0:62240.0:7696.0:62239.0:7697.0:62237.0:7697.0:62237.0:7699.0:62235.0:7701.0:62232.0:7701.0:62231.0:7702.0:62230.0:7702.0:62230.0:7703.0:62231.0:7703.0:62233.0:7705.0:62233.0:7709.0:62234.0:7710.0:62234.0:7711.0:62235.0:7711.0:62237.0:7713.0:62237.0:7715.0:62239.0:7715.0:62240.0:7716.0:62244.0:7716.0:62245.0:7715.0:62245.0:7714.0:62246.0:7713.0:62247.0:7713.0:62248.0:7714.0:62248.0:7715.0:62252.0:7715.0:62252.0:7713.0:62253.0:7712.0:62253.0:7710.0:62254.0:7709.0:62255.0:7709.0:62256.0:7708.0:62256.0:7700.0:62255.0:7699.0:62255.0:7698.0:62254.0:7698.0:62253.0:7697.0:62252.0:7697.0:62251.0:7696.0:62250.0:7696.0:62249.0:7695.0:62249.0:7694.0]
506,506,[60153.0:7689.0:60153.0:7691.0:60152.0:7692.0:60150.0:7692.0:60148.0:7694.0:60148.0:7695.0:60147.0:7696.0:60146.0:7696.0:60145.0:7697.0:60145.0:7708.0:60146.0:7709.0:60146.0:7711.0:60148.0:7711.0:60149.0:7712.0:60152.0:7712.0:60153.0:7713.0:60153.0:7715.0:60154.0:7716.0:60155.0:7716.0:60156.0:7715.0:60159.0:7715.0:60159.0:7714.0:60161.0:7712.0:60164.0:7712.0:60165.0:7711.0:60165.0:7710.0:60166.0:7709.0:60167.0:7709.0:60168.0:7708.0:60171.0:7708.0:60172.0:7707.0:60172.0:7705.0:60171.0:7704.0:60171.0:7701.0:60170.0:7701.0:60169.0:7700.0:60169.0:7697.0:60168.0:7696.0:60168.0:7693.0:60165.0:7693.0:60163.0:7691.0:60163.0:7690.0:60160.0:7690.0:60159.0:7689.0]
57,57,[61158.0:7672.0:61158.0:7673.0:61157.0:7674.0:61157.0:7676.0:61159.0:7676.0:61161.0:7678.0:61161.0:7680.0:61162.0:7681.0:61163.0:7681.0:61165.0:7679.0:61165.0:7678.0:61166.0:7677.0:61167.0:7677.0:61167.0:7673.0:61164.0:7673.0:61163.0:7672.0]
1,1,[60206.0:7642.0:60206.0:7643.0:60207.0:7643.0:60207.0:7642.0]
10,10,[60181.0:7642.0:60182.0:7641.0:60184.0:7641.0:60185.0:7642.0:60185.0:7643.0:60184.0:7644.0:60182.0:7644.0:60181.0:7643.0]
26,26,[61176.0:7637.0:61175.0:7638.0:61174.0:7638.0:61174.0:7643.0:61176.0:7643.0:61176.0:7642.0:61177.0:7641.0:61179.0:7641.0:61180.0:7640.0:61180.0:7638.0:61179.0:7637.0]
1656,1656,[60225.0:7637.0:60224.0:7638.0:60222.0:7638.0:60222.0:7639.0:60221.0:7640.0:60216.0:7640.0:60215.0:7641.0:60213.0:7641.0:60213.0:7645.0:60212.0:7646.0:60212.0:7647.0:60213.0:7648.0:60213.0:7651.0:60214.0:7652.0:60216.0:7652.0:60217.0:7653.0:60217.0:7656.0:60218.0:7657.0:60218.0:7659.0:60219.0:7659.0:60220.0:7660.0:60223.0:7660.0:60224.0:7661.0:60228.0:7661.0:60229.0:7662.0:60229.0:7663.0:60232.0:7663.0:60233.0:7664.0:60239.0:7664.0:60240.0:7665.0:60243.0:7665.0:60244.0:7666.0:60244.0:7667.0:60245.0:7668.0:60245.0:7669.0:60246.0:7670.0:60246.0:7671.0:60247.0:7671.0:60249.0:7673.0:60249.0:7676.0:60250.0:7677.0:60250.0:7679.0:60251.0:7679.0:60252.0:7680.0:60252.0:7681.0:60253.0:7682.0:60253.0:7687.0:60254.0:7688.0:60256.0:7688.0:60257.0:7689.0:60257.0:7691.0:60258.0:7692.0:60264.0:7692.0:60265.0:7693.0:60268.0:7693.0:60269.0:7692.0:60271.0:7692.0:60272.0:7691.0:60272.0:7689.0:60273.0:7688.0:60275.0:7688.0:60276.0:7687.0:60276.0:7685.0:60278.0:7683.0:60279.0:7683.0:60279.0:7681.0:60280.0:7680.0:60280.0:7677.0:60281.0:7676.0:60281.0:7672.0:60282.0:7671.0:60283.0:7671.0:60283.0:7670.0:60282.0:7670.0:60281.0:7669.0:60281.0:7666.0:60279.0:7664.0:60278.0:7664.0:60277.0:7663.0:60277.0:7662.0:60276.0:7661.0:60273.0:7661.0:60272.0:7660.0:60270.0:7660.0:60269.0:7659.0:60269.0:7658.0:60268.0:7658.0:60267.0:7657.0:60265.0:7657.0:60264.0:7658.0:60262.0:7658.0:60261.0:7657.0:60257.0:7657.0:60256.0:7656.0:60254.0:7656.0:60253.0:7655.0:60253.0:7653.0:60252.0:7653.0:60251.0:7652.0:60249.0:7652.0:60248.0:7653.0:60245.0:7653.0:60243.0:7651.0:60243.0:7650.0:60242.0:7650.0:60239.0:7647.0:60239.0:7646.0:60238.0:7646.0:60236.0:7644.0:60236.0:7641.0:60235.0:7640.0:60234.0:7640.0:60233.0:7639.0:60233.0:7638.0:60232.0:7637.0]
214,214,[61250.0:7624.0:61249.0:7625.0:61249.0:7627.0:61247.0:7629.0:61245.0:7629.0:61245.0:7637.0:61246.0:7638.0:61246.0:7639.0:61247.0:7639.0:61248.0:7640.0:61252.0:7640.0:61253.0:7641.0:61253.0:7643.0:61254.0:7644.0:61256.0:7644.0:61257.0:7643.0:61260.0:7643.0:61260.0:7634.0:61259.0:7633.0:61259.0:7629.0:61257.0:7629.0:61256.0:7628.0:61256.0:7625.0:61253.0:7625.0:61252.0:7624.0]
338,338,[60248.0:7605.0:60247.0:7606.0:60245.0:7606.0:60245.0:7612.0:60243.0:7614.0:60242.0:7614.0:60242.0:7620.0:60244.0:7620.0:60245.0:7621.0:60247.0:7621.0:60248.0:7622.0:60248.0:7623.0:60250.0:7625.0:60251.0:7625.0:60252.0:7626.0:60252.0:7627.0:60253.0:7628.0:60255.0:7628.0:60256.0:7627.0:60256.0:7625.0:60257.0:7624.0:60259.0:7624.0:60260.0:7623.0:60260.0:7621.0:60261.0:7620.0:60263.0:7620.0:60264.0:7619.0:60264.0:7610.0:60262.0:7610.0:60261.0:7609.0:60257.0:7609.0:60256.0:7608.0:60256.0:7605.0]
477,477,[62350.0:7584.0:62348.0:7586.0:62348.0:7587.0:62347.0:7588.0:62346.0:7588.0:62345.0:7589.0:62344.0:7589.0:62343.0:7590.0:62342.0:7590.0:62342.0:7593.0:62341.0:7594.0:62341.0:7607.0:62343.0:7607.0:62345.0:7609.0:62345.0:7611.0:62346.0:7612.0:62352.0:7612.0:62353.0:7611.0:62353.0:7610.0:62354.0:7609.0:62356.0:7609.0:62357.0:7608.0:62359.0:7608.0:62360.0:7607.0:62360.0:7605.0:62361.0:7604.0:62363.0:7604.0:62364.0:7603.0:62364.0:7601.0:62365.0:7600.0:62365.0:7597.0:62364.0:7596.0:62364.0:7593.0:62362.0:7593.0:62360.0:7591.0:62360.0:7589.0:62358.0:7589.0:62356.0:7587.0:62356.0:7585.0:62353.0:7585.0:62352.0:7584.0]
207,207,[61050.0:7558.0:61050.0:7559.0:61047.0:7562.0:61046.0:7562.0:61046.0:7567.0:61047.0:7567.0:61049.0:7569.0:61049.0:7571.0:61050.0:7572.0:61052.0:7572.0:61053.0:7573.0:61053.0:7575.0:61054.0:7576.0:61060.0:7576.0:61061.0:7575.0:61061.0:7573.0:61062.0:7572.0:61063.0:7572.0:61063.0:7568.0:61062.0:7568.0:61061.0:7567.0:61061.0:7565.0:61060.0:7564.0:61060.0:7562.0:61059.0:7561.0:61057.0:7561.0:61056.0:7560.0:61056.0:7558.0]
3165,3165,[60205.0:7544.0:60204.0:7545.0:60194.0:7545.0:60193.0:7546.0:60193.0:7549.0:60192.0:7550.0:60192.0:7552.0:60193.0:7553.0:60193.0:7556.0:60192.0:7557.0:60190.0:7557.0:60190.0:7560.0:60189.0:7561.0:60186.0:7561.0:60185.0:7562.0:60185.0:7564.0:60184.0:7565.0:60182.0:7565.0:60181.0:7566.0:60181.0:7568.0:60180.0:7569.0:60178.0:7569.0:60177.0:7570.0:60177.0:7572.0:60175.0:7574.0:60174.0:7574.0:60174.0:7576.0:60173.0:7577.0:60173.0:7588.0:60172.0:7589.0:60170.0:7589.0:60169.0:7590.0:60169.0:7595.0:60167.0:7597.0:60162.0:7597.0:60161.0:7598.0:60161.0:7599.0:60159.0:7601.0:60157.0:7601.0:60155.0:7599.0:60155.0:7598.0:60154.0:7598.0:60154.0:7599.0:60152.0:7601.0:60149.0:7601.0:60149.0:7605.0:60148.0:7606.0:60148.0:7608.0:60147.0:7609.0:60145.0:7609.0:60145.0:7617.0:60146.0:7618.0:60146.0:7619.0:60147.0:7619.0:60148.0:7620.0:60151.0:7620.0:60153.0:7622.0:60153.0:7624.0:60154.0:7625.0:60155.0:7625.0:60156.0:7626.0:60156.0:7628.0:60157.0:7629.0:60157.0:7635.0:60158.0:7636.0:60160.0:7636.0:60161.0:7637.0:60161.0:7640.0:60163.0:7640.0:60165.0:7642.0:60165.0:7645.0:60166.0:7646.0:60166.0:7652.0:60167.0:7652.0:60169.0:7654.0:60169.0:7659.0:60170.0:7660.0:60180.0:7660.0:60182.0:7662.0:60182.0:7663.0:60184.0:7663.0:60184.0:7662.0:60185.0:7661.0:60189.0:7661.0:60190.0:7660.0:60192.0:7660.0:60192.0:7657.0:60191.0:7656.0:60190.0:7656.0:60189.0:7655.0:60189.0:7654.0:60190.0:7653.0:60191.0:7653.0:60192.0:7652.0:60192.0:7642.0:60191.0:7641.0:60189.0:7641.0:60188.0:7640.0:60188.0:7638.0:60187.0:7637.0:60186.0:7637.0:60185.0:7638.0:60180.0:7638.0:60180.0:7639.0:60179.0:7640.0:60173.0:7640.0:60172.0:7639.0:60172.0:7638.0:60171.0:7637.0:60169.0:7637.0:60168.0:7636.0:60168.0:7633.0:60167.0:7632.0:60167.0:7629.0:60166.0:7629.0:60165.0:7628.0:60165.0:7626.0:60164.0:7625.0:60164.0:7621.0:60165.0:7620.0:60167.0:7620.0:60167.0:7617.0:60168.0:7616.0:60168.0:7614.0:60170.0:7612.0:60172.0:7612.0:60173.0:7613.0:60176.0:7613.0:60177.0:7612.0:60185.0:7612.0:60186.0:7613.0:60187.0:7613.0:60189.0:7611.0:60189.0:7610.0:60190.0:7609.0:60191.0:7609.0:60191.0:7606.0:60192.0:7605.0:60192.0:7581.0:60193.0:7580.0:60195.0:7580.0:60195.0:7573.0:60194.0:7573.0:60193.0:7572.0:60193.0:7569.0:60192.0:7568.0:60192.0:7565.0:60193.0:7564.0:60196.0:7564.0:60197.0:7565.0:60200.0:7565.0:60201.0:7564.0:60204.0:7564.0:60205.0:7565.0:60205.0:7567.0:60207.0:7567.0:60210.0:7570.0:60210.0:7571.0:60211.0:7571.0:60212.0:7572.0:60213.0:7572.0:60214.0:7573.0:60215.0:7573.0:60216.0:7574.0:60216.0:7575.0:60217.0:7576.0:60236.0:7576.0:60236.0:7568.0:60235.0:7567.0:60235.0:7562.0:60234.0:7562.0:60232.0:7560.0:60232.0:7557.0:60230.0:7557.0:60228.0:7555.0:60228.0:7553.0:60226.0:7553.0:60224.0:7551.0:60224.0:7549.0:60223.0:7548.0:60221.0:7548.0:60220.0:7547.0:60220.0:7546.0:60219.0:7545.0:60213.0:7545.0:60212.0:7544.0]
851,851,[60114.0:7544.0:60112.0:7546.0:60112.0:7547.0:60111.0:7548.0:60109.0:7548.0:60107.0:7550.0:60106.0:7550.0:60106.0:7551.0:60105.0:7552.0:60105.0:7560.0:60104.0:7561.0:60104.0:7563.0:60103.0:7564.0:60102.0:7564.0:60102.0:7568.0:60103.0:7568.0:60105.0:7570.0:60105.0:7576.0:60107.0:7576.0:60109.0:7578.0:60109.0:7579.0:60110.0:7580.0:60113.0:7580.0:60114.0:7581.0:60119.0:7581.0:60120.0:7580.0:60121.0:7580.0:60122.0:7579.0:60124.0:7579.0:60124.0:7577.0:60125.0:7576.0:60128.0:7576.0:60128.0:7574.0:60130.0:7572.0:60132.0:7572.0:60132.0:7570.0:60134.0:7568.0:60135.0:7568.0:60136.0:7567.0:60136.0:7562.0:60135.0:7561.0:60135.0:7560.0:60134.0:7560.0:60133.0:7559.0:60133.0:7557.0:60132.0:7556.0:60130.0:7556.0:60129.0:7555.0:60129.0:7553.0:60128.0:7553.0:60127.0:7552.0:60126.0:7552.0:60125.0:7551.0:60125.0:7550.0:60124.0:7549.0:60124.0:7548.0:60123.0:7547.0:60123.0:7545.0:60120.0:7545.0:60119.0:7544.0]
1615,1615,[60298.0:7528.0:60297.0:7529.0:60296.0:7529.0:60295.0:7530.0:60294.0:7530.0:60294.0:7531.0:60293.0:7532.0:60293.0:7535.0:60291.0:7537.0:60289.0:7537.0:60288.0:7538.0:60288.0:7539.0:60287.0:7540.0:60286.0:7540.0:60285.0:7541.0:60284.0:7541.0:60283.0:7542.0:60280.0:7542.0:60280.0:7543.0:60279.0:7544.0:60277.0:7544.0:60276.0:7545.0:60270.0:7545.0:60269.0:7546.0:60268.0:7546.0:60268.0:7547.0:60267.0:7548.0:60265.0:7548.0:60265.0:7549.0:60264.0:7550.0:60264.0:7556.0:60266.0:7558.0:60266.0:7560.0:60268.0:7560.0:60270.0:7562.0:60270.0:7563.0:60271.0:7563.0:60273.0:7565.0:60273.0:7567.0:60274.0:7568.0:60274.0:7569.0:60275.0:7569.0:60276.0:7570.0:60276.0:7573.0:60277.0:7574.0:60277.0:7580.0:60278.0:7581.0:60279.0:7581.0:60280.0:7582.0:60280.0:7583.0:60282.0:7585.0:60285.0:7585.0:60286.0:7584.0:60287.0:7584.0:60289.0:7586.0:60289.0:7587.0:60290.0:7588.0:60292.0:7588.0:60293.0:7587.0:60296.0:7587.0:60296.0:7586.0:60298.0:7584.0:60300.0:7584.0:60300.0:7582.0:60301.0:7581.0:60303.0:7581.0:60304.0:7580.0:60304.0:7566.0:60303.0:7565.0:60302.0:7565.0:60301.0:7564.0:60301.0:7562.0:60300.0:7561.0:60300.0:7553.0:60301.0:7552.0:60301.0:7550.0:60302.0:7549.0:60304.0:7549.0:60305.0:7548.0:60307.0:7548.0:60307.0:7546.0:60309.0:7544.0:60309.0:7542.0:60310.0:7541.0:60311.0:7541.0:60311.0:7538.0:60312.0:7537.0:60312.0:7530.0:60311.0:7529.0:60308.0:7529.0:60307.0:7528.0]
494,494,[60108.0:7492.0:60107.0:7493.0:60101.0:7493.0:60100.0:7494.0:60100.0:7495.0:60099.0:7496.0:60097.0:7496.0:60097.0:7497.0:60096.0:7498.0:60096.0:7499.0:60097.0:7500.0:60097.0:7504.0:60098.0:7505.0:60098.0:7507.0:60100.0:7507.0:60101.0:7508.0:60101.0:7509.0:60102.0:7510.0:60102.0:7511.0:60103.0:7511.0:60104.0:7512.0:60108.0:7512.0:60109.0:7513.0:60111.0:7513.0:60112.0:7514.0:60112.0:7515.0:60113.0:7516.0:60117.0:7516.0:60118.0:7517.0:60119.0:7517.0:60120.0:7516.0:60120.0:7514.0:60122.0:7512.0:60124.0:7512.0:60124.0:7500.0:60123.0:7499.0:60123.0:7498.0:60122.0:7498.0:60121.0:7497.0:60120.0:7497.0:60119.0:7496.0:60118.0:7496.0:60117.0:7495.0:60117.0:7494.0:60116.0:7493.0:60112.0:7493.0:60111.0:7492.0]
103,103,[60132.0:7453.0:60132.0:7457.0:60131.0:7458.0:60130.0:7458.0:60130.0:7463.0:60131.0:7463.0:60134.0:7466.0:60134.0:7467.0:60135.0:7467.0:60135.0:7466.0:60137.0:7464.0:60140.0:7464.0:60141.0:7463.0:60141.0:7461.0:60140.0:7460.0:60140.0:7457.0:60139.0:7456.0:60139.0:7454.0:60137.0:7454.0:60136.0:7453.0]
866,866,[60294.0:7420.0:60293.0:7421.0:60289.0:7421.0:60289.0:7423.0:60287.0:7425.0:60285.0:7425.0:60284.0:7426.0:60278.0:7426.0:60277.0:7425.0:60253.0:7425.0:60253.0:7428.0:60252.0:7429.0:60252.0:7432.0:60251.0:7433.0:60250.0:7433.0:60250.0:7437.0:60249.0:7438.0:60249.0:7439.0:60250.0:7440.0:60252.0:7440.0:60253.0:7441.0:60253.0:7443.0:60254.0:7444.0:60256.0:7444.0:60257.0:7445.0:60257.0:7447.0:60258.0:7448.0:60265.0:7448.0:60266.0:7449.0:60271.0:7449.0:60272.0:7448.0:60279.0:7448.0:60280.0:7447.0:60280.0:7445.0:60282.0:7443.0:60283.0:7443.0:60283.0:7442.0:60286.0:7439.0:60287.0:7439.0:60287.0:7438.0:60288.0:7437.0:60288.0:7436.0:60289.0:7435.0:60289.0:7434.0:60290.0:7433.0:60291.0:7433.0:60292.0:7432.0:60295.0:7432.0:60296.0:7431.0:60296.0:7429.0:60297.0:7428.0:60299.0:7428.0:60300.0:7427.0:60300.0:7426.0:60299.0:7425.0:60297.0:7425.0:60296.0:7424.0:60296.0:7421.0:60295.0:7420.0]
743,743,[60413.0:7405.0:60412.0:7406.0:60409.0:7406.0:60409.0:7408.0:60408.0:7409.0:60406.0:7409.0:60405.0:7410.0:60405.0:7412.0:60404.0:7413.0:60402.0:7413.0:60401.0:7414.0:60401.0:7417.0:60402.0:7418.0:60402.0:7421.0:60403.0:7421.0:60404.0:7422.0:60404.0:7424.0:60405.0:7425.0:60405.0:7427.0:60406.0:7428.0:60407.0:7428.0:60408.0:7429.0:60408.0:7431.0:60409.0:7432.0:60411.0:7432.0:60413.0:7434.0:60413.0:7436.0:60416.0:7436.0:60417.0:7437.0:60417.0:7439.0:60418.0:7440.0:60419.0:7440.0:60420.0:7439.0:60423.0:7439.0:60423.0:7438.0:60425.0:7436.0:60427.0:7436.0:60428.0:7435.0:60428.0:7433.0:60429.0:7432.0:60429.0:7430.0:60430.0:7429.0:60431.0:7429.0:60432.0:7428.0:60432.0:7416.0:60431.0:7415.0:60431.0:7414.0:60430.0:7414.0:60428.0:7412.0:60428.0:7410.0:60427.0:7409.0:60424.0:7409.0:60423.0:7408.0:60422.0:7408.0:60421.0:7407.0:60421.0:7406.0:60420.0:7405.0]
14,14,[60294.0:7405.0:60293.0:7406.0:60293.0:7407.0:60294.0:7408.0:60294.0:7411.0:60296.0:7411.0:60296.0:7405.0]
214,214,[60645.0:7402.0:60645.0:7403.0:60644.0:7404.0:60642.0:7404.0:60641.0:7405.0:60637.0:7405.0:60637.0:7411.0:60636.0:7412.0:60636.0:7413.0:60635.0:7414.0:60634.0:7414.0:60634.0:7416.0:60635.0:7416.0:60636.0:7417.0:60636.0:7419.0:60637.0:7420.0:60637.0:7421.0:60638.0:7422.0:60638.0:7423.0:60643.0:7423.0:60643.0:7422.0:60645.0:7420.0:60648.0:7420.0:60648.0:7414.0:60649.0:7413.0:60649.0:7409.0:60648.0:7408.0:60648.0:7402.0]
23,23,[60294.0:7397.0:60293.0:7398.0:60293.0:7399.0:60294.0:7400.0:60296.0:7400.0:60298.0:7402.0:60298.0:7404.0:60299.0:7404.0:60299.0:7397.0]
3,3,[60297.0:7390.0:60297.0:7391.0:60298.0:7392.0:60299.0:7392.0:60299.0:7390.0]
201,201,[60378.0:7365.0:60377.0:7366.0:60377.0:7368.0:60376.0:7369.0:60374.0:7369.0:60373.0:7370.0:60373.0:7380.0:60374.0:7381.0:60374.0:7383.0:60376.0:7383.0:60377.0:7384.0:60380.0:7384.0:60381.0:7383.0:60383.0:7383.0:60383.0:7382.0:60384.0:7381.0:60384.0:7377.0:60385.0:7376.0:60385.0:7373.0:60386.0:7372.0:60387.0:7372.0:60387.0:7368.0:60386.0:7368.0:60385.0:7367.0:60385.0:7366.0:60384.0:7365.0]
888,888,[60361.0:7309.0:60360.0:7310.0:60358.0:7310.0:60358.0:7311.0:60357.0:7312.0:60357.0:7313.0:60356.0:7314.0:60356.0:7321.0:60355.0:7322.0:60354.0:7322.0:60354.0:7323.0:60355.0:7323.0:60357.0:7325.0:60357.0:7328.0:60358.0:7329.0:60359.0:7329.0:60360.0:7330.0:60360.0:7331.0:60361.0:7332.0:60361.0:7335.0:60362.0:7336.0:60364.0:7336.0:60366.0:7338.0:60366.0:7339.0:60368.0:7339.0:60369.0:7340.0:60372.0:7340.0:60373.0:7341.0:60373.0:7343.0:60374.0:7344.0:60381.0:7344.0:60382.0:7343.0:60383.0:7343.0:60383.0:7342.0:60385.0:7340.0:60387.0:7340.0:60388.0:7339.0:60388.0:7333.0:60389.0:7332.0:60389.0:7325.0:60388.0:7324.0:60388.0:7321.0:60387.0:7320.0:60386.0:7320.0:60385.0:7319.0:60385.0:7318.0:60384.0:7317.0:60384.0:7316.0:60383.0:7315.0:60383.0:7314.0:60382.0:7314.0:60379.0:7311.0:60379.0:7310.0:60376.0:7310.0:60375.0:7309.0]
215,215,[60269.0:7293.0:60268.0:7294.0:60268.0:7296.0:60267.0:7297.0:60265.0:7297.0:60265.0:7307.0:60266.0:7308.0:60268.0:7308.0:60269.0:7309.0:60269.0:7311.0:60275.0:7311.0:60275.0:7310.0:60277.0:7308.0:60280.0:7308.0:60280.0:7304.0:60279.0:7303.0:60279.0:7302.0:60280.0:7301.0:60280.0:7297.0:60277.0:7297.0:60276.0:7296.0:60276.0:7294.0:60275.0:7293.0]
473,473,[60310.0:7250.0:60310.0:7251.0:60309.0:7252.0:60308.0:7252.0:60307.0:7253.0:60302.0:7253.0:60301.0:7254.0:60301.0:7255.0:60299.0:7257.0:60297.0:7257.0:60296.0:7258.0:60296.0:7259.0:60295.0:7260.0:60294.0:7260.0:60293.0:7261.0:60293.0:7269.0:60292.0:7270.0:60292.0:7271.0:60293.0:7272.0:60293.0:7273.0:60294.0:7274.0:60294.0:7275.0:60295.0:7275.0:60296.0:7276.0:60300.0:7276.0:60301.0:7277.0:60304.0:7277.0:60305.0:7276.0:60308.0:7276.0:60309.0:7275.0:60309.0:7274.0:60310.0:7273.0:60312.0:7273.0:60314.0:7271.0:60315.0:7271.0:60315.0:7270.0:60316.0:7269.0:60316.0:7261.0:60317.0:7260.0:60317.0:7258.0:60316.0:7257.0:60316.0:7254.0:60315.0:7253.0:60313.0:7253.0:60311.0:7251.0:60311.0:7250.0]
7,7,[60257.0:7122.0:60258.0:7121.0:60259.0:7121.0:60260.0:7122.0:60260.0:7123.0:60259.0:7124.0:60258.0:7124.0:60257.0:7123.0]
10,10,[60188.0:7118.0:60188.0:7120.0:60189.0:7120.0:60190.0:7121.0:60191.0:7121.0:60192.0:7120.0:60192.0:7118.0]
5,5,[60182.0:7118.0:60182.0:7120.0:60184.0:7120.0:60185.0:7119.0:60185.0:7118.0]
30,30,[60406.0:7117.0:60405.0:7118.0:60405.0:7120.0:60407.0:7120.0:60409.0:7122.0:60409.0:7123.0:60410.0:7124.0:60411.0:7124.0:60411.0:7121.0:60412.0:7120.0:60412.0:7118.0:60411.0:7117.0]
758,758,[60398.0:7117.0:60397.0:7118.0:60397.0:7120.0:60396.0:7121.0:60393.0:7121.0:60392.0:7120.0:60380.0:7120.0:60379.0:7119.0:60379.0:7118.0:60378.0:7118.0:60378.0:7119.0:60376.0:7121.0:60365.0:7121.0:60365.0:7124.0:60364.0:7125.0:60361.0:7125.0:60361.0:7128.0:60362.0:7129.0:60362.0:7132.0:60363.0:7132.0:60364.0:7133.0:60364.0:7135.0:60366.0:7137.0:60367.0:7137.0:60368.0:7138.0:60368.0:7140.0:60369.0:7141.0:60369.0:7144.0:60372.0:7144.0:60373.0:7145.0:60373.0:7147.0:60379.0:7147.0:60379.0:7146.0:60382.0:7143.0:60384.0:7143.0:60384.0:7142.0:60386.0:7140.0:60391.0:7140.0:60391.0:7138.0:60394.0:7135.0:60395.0:7135.0:60395.0:7133.0:60397.0:7131.0:60397.0:7130.0:60398.0:7129.0:60399.0:7129.0:60400.0:7130.0:60400.0:7131.0:60404.0:7131.0:60404.0:7129.0:60403.0:7128.0:60402.0:7128.0:60401.0:7127.0:60401.0:7125.0:60402.0:7124.0:60403.0:7124.0:60404.0:7123.0:60404.0:7122.0:60402.0:7122.0:60400.0:7120.0:60400.0:7118.0:60399.0:7117.0]
2556,2556,[60257.0:7106.0:60257.0:7108.0:60258.0:7109.0:60258.0:7115.0:60256.0:7117.0:60254.0:7117.0:60254.0:7119.0:60252.0:7121.0:60249.0:7121.0:60249.0:7124.0:60248.0:7125.0:60240.0:7125.0:60239.0:7124.0:60236.0:7124.0:60235.0:7125.0:60233.0:7125.0:60232.0:7124.0:60229.0:7124.0:60228.0:7123.0:60228.0:7122.0:60226.0:7122.0:60225.0:7121.0:60222.0:7121.0:60220.0:7119.0:60220.0:7117.0:60219.0:7116.0:60217.0:7116.0:60216.0:7115.0:60216.0:7114.0:60215.0:7113.0:60209.0:7113.0:60208.0:7114.0:60205.0:7114.0:60205.0:7115.0:60204.0:7116.0:60202.0:7116.0:60201.0:7117.0:60200.0:7117.0:60199.0:7118.0:60196.0:7118.0:60196.0:7123.0:60195.0:7124.0:60193.0:7124.0:60192.0:7125.0:60192.0:7127.0:60193.0:7128.0:60193.0:7129.0:60194.0:7130.0:60194.0:7131.0:60196.0:7131.0:60196.0:7130.0:60197.0:7129.0:60200.0:7129.0:60201.0:7130.0:60201.0:7136.0:60199.0:7138.0:60198.0:7138.0:60197.0:7137.0:60193.0:7137.0:60192.0:7138.0:60192.0:7140.0:60191.0:7141.0:60190.0:7141.0:60190.0:7147.0:60192.0:7147.0:60192.0:7145.0:60193.0:7144.0:60207.0:7144.0:60209.0:7146.0:60209.0:7147.0:60210.0:7148.0:60212.0:7148.0:60213.0:7149.0:60213.0:7152.0:60214.0:7153.0:60215.0:7153.0:60216.0:7154.0:60216.0:7155.0:60217.0:7156.0:60219.0:7156.0:60221.0:7158.0:60221.0:7161.0:60222.0:7162.0:60222.0:7164.0:60224.0:7164.0:60225.0:7165.0:60225.0:7168.0:60227.0:7168.0:60228.0:7169.0:60228.0:7171.0:60229.0:7172.0:60231.0:7172.0:60232.0:7173.0:60233.0:7173.0:60234.0:7172.0:60236.0:7172.0:60236.0:7168.0:60237.0:7167.0:60237.0:7165.0:60238.0:7164.0:60239.0:7164.0:60239.0:7161.0:60240.0:7160.0:60240.0:7156.0:60241.0:7155.0:60241.0:7152.0:60242.0:7151.0:60243.0:7151.0:60243.0:7150.0:60242.0:7150.0:60240.0:7148.0:60240.0:7141.0:60241.0:7140.0:60241.0:7138.0:60242.0:7137.0:60243.0:7137.0:60244.0:7136.0:60247.0:7136.0:60248.0:7135.0:60248.0:7133.0:60249.0:7132.0:60259.0:7132.0:60261.0:7134.0:60261.0:7135.0:60265.0:7135.0:60265.0:7134.0:60266.0:7133.0:60267.0:7133.0:60268.0:7134.0:60268.0:7135.0:60270.0:7137.0:60272.0:7137.0:60273.0:7138.0:60273.0:7139.0:60275.0:7139.0:60276.0:7140.0:60280.0:7140.0:60281.0:7141.0:60285.0:7141.0:60286.0:7140.0:60287.0:7140.0:60287.0:7138.0:60286.0:7138.0:60285.0:7137.0:60285.0:7133.0:60286.0:7132.0:60288.0:7132.0:60288.0:7129.0:60286.0:7129.0:60285.0:7128.0:60285.0:7126.0:60284.0:7125.0:60282.0:7125.0:60280.0:7123.0:60280.0:7120.0:60279.0:7119.0:60279.0:7117.0:60278.0:7117.0:60276.0:7115.0:60276.0:7113.0:60268.0:7113.0:60267.0:7112.0:60265.0:7112.0:60264.0:7111.0:60264.0:7110.0:60262.0:7110.0:60259.0:7107.0:60259.0:7106.0]
9,9,[60333.0:7097.0:60332.0:7098.0:60330.0:7098.0:60330.0:7099.0:60336.0:7099.0:60336.0:7098.0:60335.0:7097.0]
185,185,[61041.0:7085.0:61040.0:7086.0:61040.0:7087.0:61039.0:7088.0:61038.0:7088.0:61037.0:7089.0:61037.0:7097.0:61038.0:7098.0:61038.0:7103.0:61040.0:7103.0:61040.0:7102.0:61041.0:7101.0:61047.0:7101.0:61047.0:7100.0:61048.0:7099.0:61048.0:7097.0:61049.0:7096.0:61052.0:7096.0:61052.0:7093.0:61051.0:7092.0:61051.0:7090.0:61050.0:7090.0:61047.0:7087.0:61047.0:7086.0:61045.0:7086.0:61044.0:7085.0]
387,387,[60246.0:7073.0:60245.0:7074.0:60242.0:7074.0:60242.0:7076.0:60243.0:7076.0:60244.0:7077.0:60244.0:7079.0:60243.0:7080.0:60241.0:7080.0:60241.0:7087.0:60240.0:7088.0:60240.0:7089.0:60239.0:7090.0:60238.0:7090.0:60238.0:7092.0:60239.0:7092.0:60240.0:7093.0:60240.0:7095.0:60242.0:7097.0:60244.0:7097.0:60245.0:7098.0:60245.0:7100.0:60248.0:7100.0:60249.0:7101.0:60253.0:7101.0:60254.0:7100.0:60259.0:7100.0:60259.0:7098.0:60258.0:7098.0:60256.0:7096.0:60256.0:7093.0:60257.0:7092.0:60257.0:7081.0:60256.0:7080.0:60256.0:7078.0:60255.0:7077.0:60253.0:7077.0:60252.0:7076.0:60250.0:7076.0:60249.0:7075.0:60249.0:7074.0:60248.0:7074.0:60247.0:7073.0]
879,879,[60174.0:7061.0:60173.0:7062.0:60172.0:7062.0:60172.0:7063.0:60171.0:7064.0:60170.0:7064.0:60169.0:7063.0:60169.0:7062.0:60165.0:7062.0:60165.0:7064.0:60164.0:7065.0:60161.0:7065.0:60161.0:7067.0:60160.0:7068.0:60154.0:7068.0:60153.0:7069.0:60138.0:7069.0:60137.0:7068.0:60133.0:7068.0:60131.0:7070.0:60130.0:7070.0:60130.0:7071.0:60129.0:7072.0:60129.0:7079.0:60130.0:7080.0:60131.0:7080.0:60133.0:7082.0:60133.0:7084.0:60135.0:7084.0:60137.0:7086.0:60137.0:7087.0:60143.0:7087.0:60144.0:7088.0:60159.0:7088.0:60160.0:7087.0:60160.0:7086.0:60162.0:7084.0:60167.0:7084.0:60168.0:7083.0:60168.0:7082.0:60170.0:7080.0:60172.0:7080.0:60172.0:7077.0:60173.0:7076.0:60179.0:7076.0:60180.0:7075.0:60180.0:7073.0:60181.0:7072.0:60181.0:7069.0:60180.0:7068.0:60178.0:7068.0:60177.0:7067.0:60177.0:7065.0:60178.0:7064.0:60179.0:7064.0:60179.0:7062.0:60176.0:7062.0:60175.0:7061.0]
1122,1122,[60330.0:7060.0:60329.0:7061.0:60325.0:7061.0:60324.0:7062.0:60324.0:7064.0:60323.0:7065.0:60321.0:7065.0:60320.0:7066.0:60320.0:7068.0:60319.0:7069.0:60314.0:7069.0:60313.0:7068.0:60305.0:7068.0:60304.0:7067.0:60304.0:7066.0:60301.0:7066.0:60301.0:7067.0:60299.0:7069.0:60294.0:7069.0:60293.0:7070.0:60293.0:7071.0:60294.0:7072.0:60296.0:7072.0:60297.0:7073.0:60297.0:7076.0:60298.0:7077.0:60298.0:7080.0:60300.0:7080.0:60301.0:7081.0:60301.0:7083.0:60303.0:7083.0:60305.0:7085.0:60305.0:7087.0:60306.0:7088.0:60317.0:7088.0:60318.0:7087.0:60319.0:7087.0:60320.0:7088.0:60325.0:7088.0:60326.0:7089.0:60327.0:7089.0:60328.0:7090.0:60328.0:7091.0:60329.0:7092.0:60333.0:7092.0:60334.0:7093.0:60339.0:7093.0:60340.0:7092.0:60340.0:7089.0:60342.0:7087.0:60343.0:7087.0:60343.0:7086.0:60344.0:7085.0:60344.0:7084.0:60345.0:7083.0:60345.0:7082.0:60344.0:7081.0:60344.0:7076.0:60345.0:7075.0:60345.0:7069.0:60346.0:7068.0:60347.0:7068.0:60347.0:7065.0:60346.0:7065.0:60344.0:7063.0:60344.0:7061.0:60332.0:7061.0:60331.0:7060.0]
1,1,[60158.0:7050.0:60158.0:7051.0:60159.0:7051.0:60159.0:7050.0]
282,282,[60013.0:7025.0:60012.0:7026.0:60010.0:7026.0:60010.0:7027.0:60008.0:7029.0:60008.0:7031.0:60007.0:7032.0:60005.0:7032.0:60005.0:7035.0:60006.0:7036.0:60008.0:7036.0:60009.0:7037.0:60009.0:7040.0:60010.0:7041.0:60012.0:7041.0:60013.0:7042.0:60013.0:7043.0:60014.0:7044.0:60014.0:7047.0:60015.0:7047.0:60015.0:7046.0:60016.0:7045.0:60020.0:7045.0:60021.0:7046.0:60021.0:7047.0:60023.0:7047.0:60023.0:7046.0:60024.0:7045.0:60024.0:7044.0:60025.0:7043.0:60025.0:7040.0:60026.0:7039.0:60029.0:7039.0:60029.0:7038.0:60026.0:7038.0:60024.0:7036.0:60024.0:7030.0:60023.0:7029.0:60017.0:7029.0:60015.0:7027.0:60015.0:7025.0]
1275,1275,[60370.0:7018.0:60370.0:7019.0:60367.0:7022.0:60366.0:7022.0:60366.0:7023.0:60365.0:7024.0:60365.0:7028.0:60366.0:7029.0:60366.0:7039.0:60365.0:7040.0:60365.0:7045.0:60364.0:7046.0:60364.0:7049.0:60363.0:7050.0:60361.0:7050.0:60361.0:7051.0:60359.0:7053.0:60352.0:7053.0:60351.0:7054.0:60349.0:7054.0:60349.0:7056.0:60368.0:7056.0:60370.0:7058.0:60370.0:7059.0:60372.0:7059.0:60373.0:7060.0:60376.0:7060.0:60377.0:7061.0:60377.0:7063.0:60378.0:7064.0:60381.0:7064.0:60382.0:7065.0:60384.0:7065.0:60385.0:7064.0:60392.0:7064.0:60392.0:7062.0:60394.0:7060.0:60396.0:7060.0:60396.0:7057.0:60397.0:7056.0:60399.0:7056.0:60399.0:7053.0:60400.0:7052.0:60400.0:7046.0:60399.0:7045.0:60398.0:7045.0:60397.0:7044.0:60397.0:7041.0:60396.0:7040.0:60396.0:7034.0:60395.0:7033.0:60394.0:7033.0:60393.0:7032.0:60393.0:7030.0:60391.0:7028.0:60390.0:7028.0:60389.0:7027.0:60389.0:7026.0:60388.0:7025.0:60386.0:7025.0:60384.0:7023.0:60384.0:7021.0:60377.0:7021.0:60376.0:7020.0:60372.0:7020.0:60371.0:7019.0:60371.0:7018.0]
93,93,[60425.0:7017.0:60425.0:7021.0:60426.0:7022.0:60426.0:7024.0:60428.0:7024.0:60429.0:7025.0:60429.0:7028.0:60430.0:7029.0:60431.0:7029.0:60432.0:7028.0:60436.0:7028.0:60436.0:7021.0:60434.0:7021.0:60433.0:7020.0:60433.0:7018.0:60432.0:7017.0]
1305,1305,[60237.0:7017.0:60237.0:7020.0:60236.0:7021.0:60236.0:7023.0:60235.0:7024.0:60234.0:7024.0:60232.0:7026.0:60232.0:7028.0:60231.0:7029.0:60226.0:7029.0:60225.0:7030.0:60225.0:7032.0:60227.0:7032.0:60229.0:7034.0:60229.0:7035.0:60227.0:7037.0:60225.0:7037.0:60225.0:7039.0:60226.0:7040.0:60228.0:7040.0:60230.0:7042.0:60230.0:7043.0:60231.0:7043.0:60232.0:7044.0:60236.0:7044.0:60237.0:7045.0:60239.0:7045.0:60240.0:7046.0:60240.0:7047.0:60241.0:7048.0:60252.0:7048.0:60253.0:7047.0:60256.0:7047.0:60256.0:7046.0:60257.0:7045.0:60264.0:7045.0:60265.0:7046.0:60265.0:7047.0:60272.0:7047.0:60273.0:7048.0:60283.0:7048.0:60284.0:7047.0:60284.0:7045.0:60285.0:7044.0:60285.0:7041.0:60284.0:7040.0:60284.0:7037.0:60281.0:7037.0:60280.0:7036.0:60280.0:7034.0:60279.0:7033.0:60277.0:7033.0:60276.0:7032.0:60276.0:7030.0:60275.0:7029.0:60274.0:7029.0:60272.0:7027.0:60272.0:7026.0:60271.0:7025.0:60268.0:7025.0:60267.0:7024.0:60265.0:7024.0:60264.0:7023.0:60264.0:7022.0:60263.0:7021.0:60261.0:7021.0:60260.0:7020.0:60257.0:7020.0:60256.0:7019.0:60256.0:7018.0:60254.0:7018.0:60253.0:7017.0]
147,147,[60138.0:7017.0:60137.0:7018.0:60137.0:7019.0:60136.0:7020.0:60134.0:7020.0:60133.0:7021.0:60133.0:7024.0:60134.0:7025.0:60134.0:7027.0:60135.0:7027.0:60138.0:7030.0:60138.0:7031.0:60140.0:7031.0:60141.0:7032.0:60144.0:7032.0:60145.0:7033.0:60145.0:7035.0:60149.0:7035.0:60149.0:7033.0:60148.0:7032.0:60148.0:7029.0:60147.0:7028.0:60146.0:7028.0:60145.0:7027.0:60145.0:7024.0:60144.0:7023.0:60144.0:7021.0:60143.0:7020.0:60141.0:7020.0:60140.0:7019.0:60140.0:7018.0:60139.0:7017.0]
190,190,[60461.0:7016.0:60460.0:7017.0:60457.0:7017.0:60456.0:7018.0:60454.0:7018.0:60454.0:7019.0:60453.0:7020.0:60453.0:7025.0:60455.0:7025.0:60456.0:7026.0:60456.0:7027.0:60458.0:7029.0:60458.0:7031.0:60460.0:7031.0:60460.0:7029.0:60461.0:7028.0:60469.0:7028.0:60470.0:7027.0:60471.0:7027.0:60471.0:7026.0:60472.0:7025.0:60472.0:7021.0:60470.0:7021.0:60469.0:7020.0:60469.0:7018.0:60468.0:7017.0:60465.0:7017.0:60464.0:7016.0]
22,22,[60218.0:6979.0:60219.0:6979.0:60221.0:6981.0:60221.0:6983.0:60219.0:6985.0:60218.0:6985.0:60216.0:6983.0:60216.0:6981.0]
677,677,[60357.0:6969.0:60357.0:6971.0:60356.0:6972.0:60354.0:6972.0:60353.0:6973.0:60352.0:6973.0:60351.0:6974.0:60350.0:6974.0:60350.0:6975.0:60349.0:6976.0:60349.0:6992.0:60351.0:6992.0:60353.0:6994.0:60353.0:6995.0:60354.0:6996.0:60356.0:6996.0:60357.0:6997.0:60359.0:6997.0:60360.0:6998.0:60360.0:6999.0:60364.0:6999.0:60365.0:7000.0:60367.0:7000.0:60368.0:6999.0:60368.0:6997.0:60369.0:6996.0:60371.0:6996.0:60372.0:6995.0:60372.0:6993.0:60374.0:6991.0:60375.0:6991.0:60375.0:6990.0:60376.0:6989.0:60376.0:6985.0:60377.0:6984.0:60377.0:6981.0:60378.0:6980.0:60379.0:6980.0:60379.0:6978.0:60378.0:6978.0:60377.0:6977.0:60376.0:6977.0:60375.0:6976.0:60374.0:6976.0:60373.0:6975.0:60373.0:6973.0:60371.0:6971.0:60371.0:6970.0:60369.0:6970.0:60368.0:6969.0]
2585,2585,[60238.0:6968.0:60237.0:6969.0:60230.0:6969.0:60229.0:6970.0:60229.0:6975.0:60228.0:6976.0:60226.0:6976.0:60225.0:6977.0:60222.0:6977.0:60221.0:6978.0:60210.0:6978.0:60210.0:6979.0:60208.0:6981.0:60198.0:6981.0:60197.0:6982.0:60197.0:6983.0:60195.0:6985.0:60194.0:6985.0:60194.0:6992.0:60195.0:6992.0:60196.0:6993.0:60196.0:6996.0:60195.0:6997.0:60194.0:6997.0:60194.0:6999.0:60195.0:6999.0:60197.0:7001.0:60197.0:7015.0:60195.0:7017.0:60194.0:7017.0:60194.0:7019.0:60191.0:7022.0:60189.0:7022.0:60189.0:7025.0:60188.0:7026.0:60188.0:7027.0:60187.0:7028.0:60186.0:7028.0:60185.0:7029.0:60185.0:7031.0:60183.0:7033.0:60182.0:7033.0:60182.0:7040.0:60181.0:7041.0:60181.0:7044.0:60182.0:7045.0:60183.0:7045.0:60184.0:7046.0:60184.0:7048.0:60183.0:7049.0:60182.0:7049.0:60182.0:7052.0:60181.0:7053.0:60181.0:7056.0:60184.0:7056.0:60185.0:7057.0:60185.0:7064.0:60188.0:7064.0:60189.0:7063.0:60189.0:7062.0:60190.0:7061.0:60191.0:7061.0:60192.0:7062.0:60192.0:7063.0:60195.0:7063.0:60195.0:7061.0:60196.0:7060.0:60196.0:7058.0:60198.0:7056.0:60199.0:7056.0:60200.0:7055.0:60200.0:7052.0:60201.0:7051.0:60201.0:7046.0:60202.0:7045.0:60203.0:7045.0:60204.0:7044.0:60204.0:7041.0:60205.0:7040.0:60208.0:7040.0:60209.0:7039.0:60211.0:7039.0:60211.0:7037.0:60212.0:7036.0:60212.0:7033.0:60213.0:7032.0:60216.0:7032.0:60217.0:7031.0:60217.0:7029.0:60218.0:7028.0:60223.0:7028.0:60223.0:7025.0:60218.0:7025.0:60217.0:7024.0:60217.0:7021.0:60214.0:7021.0:60212.0:7019.0:60212.0:7018.0:60214.0:7016.0:60217.0:7016.0:60217.0:7012.0:60218.0:7011.0:60219.0:7011.0:60219.0:7005.0:60220.0:7004.0:60220.0:7001.0:60221.0:7000.0:60223.0:7000.0:60224.0:6999.0:60224.0:6997.0:60225.0:6996.0:60228.0:6996.0:60229.0:6995.0:60243.0:6995.0:60243.0:6994.0:60245.0:6992.0:60251.0:6992.0:60252.0:6991.0:60252.0:6985.0:60251.0:6984.0:60251.0:6982.0:60250.0:6982.0:60248.0:6980.0:60248.0:6977.0:60247.0:6976.0:60246.0:6976.0:60245.0:6975.0:60245.0:6974.0:60244.0:6973.0:60242.0:6973.0:60240.0:6971.0:60240.0:6969.0:60239.0:6968.0]
560,560,[61481.0:6945.0:61481.0:6947.0:61480.0:6948.0:61480.0:6949.0:61479.0:6950.0:61478.0:6950.0:61478.0:6951.0:61476.0:6953.0:61476.0:6963.0:61478.0:6965.0:61479.0:6965.0:61480.0:6966.0:61480.0:6967.0:61481.0:6968.0:61484.0:6968.0:61485.0:6969.0:61485.0:6971.0:61491.0:6971.0:61491.0:6970.0:61493.0:6968.0:61497.0:6968.0:61498.0:6967.0:61499.0:6967.0:61499.0:6966.0:61502.0:6963.0:61504.0:6963.0:61504.0:6953.0:61502.0:6953.0:61501.0:6952.0:61501.0:6950.0:61500.0:6949.0:61498.0:6949.0:61496.0:6947.0:61496.0:6946.0:61495.0:6945.0]
5,5,[60346.0:6938.0:60346.0:6941.0:60347.0:6941.0:60348.0:6940.0:60348.0:6938.0]
1,1,[60326.0:6930.0:60326.0:6931.0:60327.0:6931.0:60327.0:6930.0]
2395,2395,[60129.0:6918.0:60129.0:6919.0:60128.0:6920.0:60122.0:6920.0:60122.0:6921.0:60121.0:6922.0:60121.0:6937.0:60122.0:6938.0:60122.0:6939.0:60121.0:6940.0:60121.0:6945.0:60122.0:6946.0:60122.0:6948.0:60121.0:6949.0:60121.0:6952.0:60119.0:6954.0:60118.0:6954.0:60118.0:6956.0:60117.0:6957.0:60117.0:6960.0:60118.0:6961.0:60118.0:6963.0:60117.0:6964.0:60117.0:6967.0:60116.0:6968.0:60116.0:6975.0:60115.0:6976.0:60114.0:6976.0:60113.0:6977.0:60113.0:6984.0:60115.0:6984.0:60117.0:6986.0:60117.0:6987.0:60118.0:6988.0:60132.0:6988.0:60133.0:6989.0:60136.0:6989.0:60137.0:6990.0:60137.0:6991.0:60143.0:6991.0:60144.0:6992.0:60152.0:6992.0:60152.0:6989.0:60154.0:6987.0:60155.0:6987.0:60158.0:6990.0:60158.0:6992.0:60159.0:6992.0:60160.0:6991.0:60160.0:6990.0:60161.0:6989.0:60161.0:6986.0:60162.0:6985.0:60164.0:6985.0:60165.0:6986.0:60165.0:6988.0:60166.0:6987.0:60167.0:6987.0:60167.0:6986.0:60169.0:6984.0:60172.0:6984.0:60173.0:6983.0:60173.0:6982.0:60174.0:6981.0:60175.0:6981.0:60176.0:6980.0:60177.0:6980.0:60178.0:6979.0:60179.0:6979.0:60179.0:6978.0:60178.0:6978.0:60176.0:6976.0:60176.0:6973.0:60175.0:6972.0:60173.0:6972.0:60172.0:6971.0:60172.0:6969.0:60170.0:6969.0:60169.0:6968.0:60168.0:6968.0:60167.0:6967.0:60167.0:6962.0:60166.0:6962.0:60166.0:6963.0:60164.0:6965.0:60161.0:6965.0:60160.0:6964.0:60153.0:6964.0:60152.0:6963.0:60152.0:6962.0:60150.0:6962.0:60149.0:6961.0:60148.0:6961.0:60147.0:6960.0:60146.0:6960.0:60145.0:6959.0:60145.0:6957.0:60144.0:6956.0:60144.0:6941.0:60143.0:6940.0:60143.0:6938.0:60142.0:6938.0:60140.0:6936.0:60140.0:6932.0:60139.0:6931.0:60139.0:6925.0:60137.0:6925.0:60136.0:6924.0:60136.0:6922.0:60135.0:6921.0:60133.0:6921.0:60131.0:6919.0:60131.0:6918.0]
430,430,[60258.0:6917.0:60257.0:6918.0:60257.0:6919.0:60256.0:6920.0:60254.0:6920.0:60252.0:6922.0:60252.0:6928.0:60251.0:6929.0:60250.0:6929.0:60250.0:6931.0:60251.0:6931.0:60253.0:6933.0:60253.0:6936.0:60256.0:6936.0:60258.0:6938.0:60258.0:6939.0:60259.0:6939.0:60259.0:6937.0:60260.0:6936.0:60264.0:6936.0:60265.0:6935.0:60265.0:6934.0:60266.0:6933.0:60268.0:6933.0:60269.0:6932.0:60275.0:6932.0:60276.0:6931.0:60276.0:6930.0:60277.0:6929.0:60279.0:6929.0:60280.0:6928.0:60280.0:6922.0:60278.0:6922.0:60275.0:6919.0:60275.0:6918.0:60273.0:6918.0:60272.0:6917.0]
205,205,[60325.0:6913.0:60324.0:6914.0:60318.0:6914.0:60318.0:6916.0:60317.0:6917.0:60317.0:6920.0:60318.0:6921.0:60318.0:6925.0:60319.0:6925.0:60320.0:6926.0:60320.0:6927.0:60321.0:6928.0:60324.0:6928.0:60324.0:6926.0:60325.0:6925.0:60332.0:6925.0:60333.0:6926.0:60333.0:6927.0:60335.0:6927.0:60335.0:6921.0:60336.0:6920.0:60336.0:6918.0:60335.0:6917.0:60333.0:6917.0:60331.0:6915.0:60331.0:6914.0:60329.0:6914.0:60328.0:6913.0]
1089,1089,[60041.0:6888.0:60040.0:6889.0:60038.0:6889.0:60038.0:6891.0:60037.0:6892.0:60037.0:6896.0:60036.0:6897.0:60036.0:6903.0:60035.0:6904.0:60034.0:6904.0:60034.0:6905.0:60033.0:6906.0:60033.0:6907.0:60034.0:6908.0:60034.0:6911.0:60035.0:6911.0:60038.0:6914.0:60038.0:6915.0:60040.0:6915.0:60041.0:6916.0:60043.0:6916.0:60045.0:6918.0:60045.0:6919.0:60048.0:6919.0:60049.0:6920.0:60051.0:6920.0:60053.0:6922.0:60053.0:6932.0:60054.0:6933.0:60054.0:6935.0:60055.0:6935.0:60058.0:6938.0:60058.0:6939.0:60059.0:6939.0:60060.0:6940.0:60061.0:6940.0:60062.0:6941.0:60063.0:6941.0:60064.0:6942.0:60064.0:6943.0:60066.0:6945.0:60066.0:6947.0:60068.0:6947.0:60069.0:6948.0:60072.0:6948.0:60073.0:6947.0:60073.0:6946.0:60074.0:6945.0:60079.0:6945.0:60080.0:6944.0:60080.0:6926.0:60079.0:6925.0:60074.0:6925.0:60072.0:6923.0:60072.0:6922.0:60071.0:6921.0:60066.0:6921.0:60065.0:6920.0:60061.0:6920.0:60060.0:6919.0:60060.0:6917.0:60059.0:6916.0:60058.0:6916.0:60057.0:6915.0:60057.0:6913.0:60056.0:6912.0:60056.0:6901.0:60055.0:6900.0:60054.0:6900.0:60053.0:6899.0:60053.0:6898.0:60052.0:6897.0:60049.0:6897.0:60047.0:6895.0:60047.0:6892.0:60046.0:6892.0:60045.0:6891.0:60045.0:6890.0:60043.0:6888.0]
1169,1169,[60008.0:6693.0:60007.0:6694.0:60006.0:6694.0:60006.0:6695.0:60004.0:6697.0:60004.0:6699.0:60003.0:6700.0:60001.0:6700.0:60001.0:6736.0:60003.0:6736.0:60005.0:6738.0:60005.0:6739.0:60015.0:6739.0:60015.0:6738.0:60017.0:6736.0:60019.0:6736.0:60020.0:6735.0:60020.0:6733.0:60021.0:6732.0:60023.0:6732.0:60024.0:6731.0:60024.0:6729.0:60025.0:6728.0:60027.0:6728.0:60027.0:6726.0:60030.0:6723.0:60031.0:6723.0:60031.0:6722.0:60032.0:6721.0:60032.0:6720.0:60033.0:6719.0:60033.0:6717.0:60034.0:6716.0:60035.0:6716.0:60035.0:6714.0:60036.0:6713.0:60036.0:6710.0:60035.0:6709.0:60033.0:6709.0:60032.0:6708.0:60032.0:6705.0:60030.0:6705.0:60028.0:6703.0:60028.0:6701.0:60025.0:6701.0:60024.0:6700.0:60024.0:6697.0:60022.0:6697.0:60021.0:6696.0:60020.0:6696.0:60019.0:6695.0:60019.0:6694.0:60017.0:6694.0:60016.0:6693.0]
10,10,[63706.0:6473.0:63705.0:6474.0:63705.0:6476.0:63711.0:6476.0:63710.0:6476.0:63709.0:6475.0:63709.0:6474.0:63708.0:6474.0:63707.0:6473.0]
775,775,[60586.0:6460.0:60585.0:6461.0:60584.0:6461.0:60583.0:6462.0:60582.0:6462.0:60582.0:6463.0:60579.0:6466.0:60578.0:6466.0:60578.0:6467.0:60575.0:6470.0:60573.0:6470.0:60573.0:6480.0:60575.0:6480.0:60577.0:6482.0:60577.0:6483.0:60578.0:6484.0:60580.0:6484.0:60581.0:6485.0:60581.0:6487.0:60583.0:6487.0:60586.0:6490.0:60586.0:6491.0:60589.0:6491.0:60590.0:6492.0:60600.0:6492.0:60601.0:6491.0:60601.0:6490.0:60602.0:6489.0:60603.0:6489.0:60604.0:6488.0:60604.0:6484.0:60605.0:6483.0:60605.0:6481.0:60606.0:6480.0:60607.0:6480.0:60607.0:6473.0:60606.0:6473.0:60604.0:6471.0:60604.0:6469.0:60603.0:6468.0:60603.0:6466.0:60601.0:6466.0:60600.0:6465.0:60597.0:6465.0:60596.0:6464.0:60594.0:6464.0:60593.0:6463.0:60593.0:6462.0:60592.0:6461.0:60589.0:6461.0:60588.0:6460.0]
354,354,[61490.0:6450.0:61490.0:6452.0:61489.0:6453.0:61489.0:6455.0:61488.0:6456.0:61484.0:6456.0:61483.0:6457.0:61481.0:6457.0:61480.0:6458.0:61480.0:6463.0:61481.0:6464.0:61481.0:6468.0:61483.0:6468.0:61484.0:6469.0:61487.0:6469.0:61488.0:6470.0:61488.0:6471.0:61489.0:6472.0:61492.0:6472.0:61493.0:6471.0:61496.0:6471.0:61496.0:6469.0:61497.0:6468.0:61500.0:6468.0:61500.0:6465.0:61501.0:6464.0:61501.0:6462.0:61502.0:6461.0:61503.0:6461.0:61504.0:6460.0:61504.0:6456.0:61503.0:6455.0:61503.0:6453.0:61502.0:6453.0:61501.0:6452.0:61500.0:6452.0:61499.0:6453.0:61498.0:6453.0:61496.0:6451.0:61496.0:6450.0]
358,358,[60526.0:6356.0:60525.0:6357.0:60524.0:6357.0:60523.0:6358.0:60518.0:6358.0:60518.0:6371.0:60519.0:6371.0:60522.0:6374.0:60522.0:6375.0:60525.0:6375.0:60526.0:6376.0:60536.0:6376.0:60537.0:6375.0:60537.0:6374.0:60538.0:6373.0:60539.0:6373.0:60540.0:6372.0:60540.0:6365.0:60539.0:6364.0:60538.0:6364.0:60537.0:6363.0:60537.0:6361.0:60536.0:6360.0:60536.0:6358.0:60533.0:6358.0:60532.0:6357.0:60528.0:6357.0:60527.0:6356.0]
123,123,[60137.0:6190.0:60137.0:6191.0:60135.0:6193.0:60133.0:6193.0:60133.0:6197.0:60132.0:6198.0:60132.0:6199.0:60133.0:6200.0:60133.0:6203.0:60134.0:6204.0:60137.0:6204.0:60138.0:6205.0:60138.0:6207.0:60139.0:6207.0:60139.0:6205.0:60141.0:6203.0:60143.0:6203.0:60143.0:6193.0:60141.0:6193.0:60139.0:6191.0:60139.0:6190.0]
260,260,[60025.0:6153.0:60024.0:6154.0:60024.0:6155.0:60023.0:6156.0:60021.0:6156.0:60020.0:6157.0:60017.0:6157.0:60017.0:6160.0:60016.0:6161.0:60013.0:6161.0:60013.0:6164.0:60015.0:6164.0:60017.0:6166.0:60017.0:6169.0:60018.0:6170.0:60018.0:6171.0:60019.0:6171.0:60020.0:6172.0:60028.0:6172.0:60029.0:6171.0:60031.0:6171.0:60031.0:6170.0:60034.0:6167.0:60035.0:6167.0:60035.0:6166.0:60034.0:6166.0:60032.0:6164.0:60032.0:6160.0:60031.0:6159.0:60031.0:6156.0:60030.0:6156.0:60029.0:6155.0:60029.0:6154.0:60028.0:6153.0]
36,36,[60588.0:6150.0:60588.0:6151.0:60587.0:6152.0:60586.0:6152.0:60585.0:6153.0:60585.0:6156.0:60588.0:6156.0:60589.0:6157.0:60591.0:6157.0:60592.0:6156.0:60592.0:6153.0:60591.0:6152.0:60591.0:6150.0]
36,36,[60585.0:5973.0:60585.0:5975.0:60583.0:5977.0:60581.0:5977.0:60581.0:5981.0:60584.0:5981.0:60585.0:5980.0:60588.0:5980.0:60588.0:5976.0:60587.0:5975.0:60587.0:5973.0]
194,194,[60694.0:5940.0:60692.0:5942.0:60692.0:5943.0:60691.0:5944.0:60690.0:5944.0:60689.0:5945.0:60689.0:5949.0:60690.0:5950.0:60690.0:5952.0:60692.0:5952.0:60694.0:5954.0:60694.0:5955.0:60696.0:5955.0:60697.0:5956.0:60701.0:5956.0:60702.0:5955.0:60703.0:5955.0:60703.0:5953.0:60704.0:5952.0:60704.0:5942.0:60703.0:5941.0:60701.0:5941.0:60700.0:5940.0]
345,345,[60282.0:5765.0:60281.0:5766.0:60281.0:5767.0:60279.0:5769.0:60277.0:5769.0:60276.0:5770.0:60276.0:5772.0:60275.0:5773.0:60274.0:5773.0:60274.0:5780.0:60275.0:5780.0:60277.0:5782.0:60277.0:5784.0:60278.0:5785.0:60278.0:5787.0:60279.0:5787.0:60280.0:5788.0:60287.0:5788.0:60288.0:5787.0:60288.0:5785.0:60290.0:5783.0:60291.0:5783.0:60291.0:5782.0:60294.0:5779.0:60295.0:5779.0:60295.0:5777.0:60296.0:5776.0:60296.0:5773.0:60294.0:5773.0:60293.0:5772.0:60293.0:5770.0:60292.0:5769.0:60290.0:5769.0:60288.0:5767.0:60288.0:5766.0:60287.0:5765.0]
69,69,[61798.0:5706.0:61798.0:5707.0:61795.0:5710.0:61794.0:5710.0:61794.0:5712.0:61796.0:5712.0:61797.0:5713.0:61797.0:5716.0:61804.0:5716.0:61804.0:5709.0:61803.0:5708.0:61801.0:5708.0:61800.0:5707.0:61800.0:5706.0]
616,616,[60793.0:5633.0:60793.0:5635.0:60791.0:5637.0:60788.0:5637.0:60787.0:5638.0:60786.0:5638.0:60786.0:5639.0:60785.0:5640.0:60785.0:5651.0:60786.0:5652.0:60787.0:5652.0:60789.0:5654.0:60789.0:5656.0:60790.0:5657.0:60791.0:5657.0:60792.0:5658.0:60792.0:5659.0:60793.0:5660.0:60795.0:5660.0:60797.0:5662.0:60797.0:5663.0:60804.0:5663.0:60804.0:5662.0:60806.0:5660.0:60808.0:5660.0:60808.0:5658.0:60810.0:5656.0:60811.0:5656.0:60812.0:5655.0:60812.0:5645.0:60811.0:5644.0:60811.0:5642.0:60810.0:5642.0:60809.0:5641.0:60809.0:5638.0:60807.0:5636.0:60805.0:5636.0:60804.0:5635.0:60804.0:5634.0:60801.0:5634.0:60800.0:5633.0]
0,0,[61706.0:5476.0:61707.0:5476.0]
634,634,[61705.0:5445.0:61704.0:5446.0:61698.0:5446.0:61698.0:5447.0:61697.0:5448.0:61697.0:5451.0:61695.0:5453.0:61694.0:5453.0:61693.0:5454.0:61693.0:5465.0:61694.0:5466.0:61694.0:5467.0:61695.0:5467.0:61697.0:5469.0:61697.0:5472.0:61699.0:5472.0:61700.0:5473.0:61701.0:5473.0:61702.0:5472.0:61704.0:5472.0:61705.0:5473.0:61711.0:5473.0:61712.0:5474.0:61712.0:5475.0:61716.0:5475.0:61716.0:5472.0:61717.0:5471.0:61717.0:5470.0:61718.0:5469.0:61719.0:5469.0:61720.0:5468.0:61720.0:5456.0:61719.0:5455.0:61719.0:5453.0:61717.0:5453.0:61716.0:5452.0:61716.0:5449.0:61714.0:5449.0:61712.0:5447.0:61712.0:5446.0:61711.0:5445.0]
539,539,[60742.0:5381.0:60741.0:5382.0:60738.0:5382.0:60738.0:5383.0:60735.0:5386.0:60734.0:5386.0:60734.0:5389.0:60733.0:5390.0:60733.0:5396.0:60734.0:5397.0:60734.0:5399.0:60735.0:5399.0:60737.0:5401.0:60737.0:5404.0:60739.0:5404.0:60741.0:5406.0:60741.0:5408.0:60742.0:5409.0:60742.0:5412.0:60744.0:5412.0:60745.0:5413.0:60745.0:5416.0:60747.0:5416.0:60748.0:5417.0:60748.0:5419.0:60749.0:5420.0:60752.0:5420.0:60753.0:5419.0:60755.0:5419.0:60755.0:5417.0:60756.0:5416.0:60756.0:5414.0:60755.0:5413.0:60755.0:5405.0:60754.0:5405.0:60753.0:5404.0:60753.0:5401.0:60752.0:5400.0:60752.0:5390.0:60751.0:5389.0:60750.0:5389.0:60749.0:5388.0:60749.0:5386.0:60748.0:5385.0:60748.0:5384.0:60747.0:5383.0:60747.0:5381.0]
654,654,[61417.0:5369.0:61416.0:5370.0:61416.0:5371.0:61415.0:5372.0:61413.0:5372.0:61411.0:5374.0:61409.0:5374.0:61409.0:5376.0:61407.0:5378.0:61406.0:5378.0:61406.0:5383.0:61407.0:5383.0:61409.0:5385.0:61409.0:5388.0:61411.0:5388.0:61413.0:5390.0:61413.0:5392.0:61416.0:5392.0:61417.0:5393.0:61419.0:5393.0:61420.0:5394.0:61420.0:5395.0:61421.0:5396.0:61431.0:5396.0:61432.0:5395.0:61432.0:5393.0:61433.0:5392.0:61435.0:5392.0:61436.0:5391.0:61436.0:5389.0:61437.0:5388.0:61437.0:5386.0:61438.0:5385.0:61439.0:5385.0:61439.0:5381.0:61438.0:5381.0:61437.0:5380.0:61437.0:5378.0:61436.0:5377.0:61436.0:5373.0:61433.0:5373.0:61432.0:5372.0:61432.0:5370.0:61431.0:5369.0]
869,869,[62006.0:5177.0:62005.0:5178.0:62005.0:5179.0:62004.0:5180.0:62002.0:5180.0:62001.0:5181.0:61998.0:5181.0:61997.0:5182.0:61997.0:5184.0:61996.0:5185.0:61994.0:5185.0:61993.0:5186.0:61993.0:5192.0:61992.0:5193.0:61992.0:5197.0:61991.0:5198.0:61990.0:5198.0:61990.0:5199.0:61991.0:5199.0:61992.0:5200.0:61992.0:5203.0:61993.0:5204.0:61993.0:5209.0:61994.0:5210.0:61994.0:5211.0:61995.0:5211.0:61996.0:5212.0:62000.0:5212.0:62002.0:5214.0:62002.0:5215.0:62012.0:5215.0:62012.0:5213.0:62013.0:5212.0:62015.0:5212.0:62016.0:5211.0:62016.0:5209.0:62017.0:5208.0:62019.0:5208.0:62020.0:5207.0:62020.0:5204.0:62021.0:5203.0:62021.0:5190.0:62020.0:5189.0:62020.0:5186.0:62019.0:5185.0:62018.0:5185.0:62016.0:5183.0:62016.0:5181.0:62013.0:5181.0:62012.0:5180.0:62010.0:5180.0:62009.0:5179.0:62009.0:5178.0:62008.0:5177.0]
606,606,[61906.0:5045.0:61905.0:5046.0:61905.0:5047.0:61904.0:5048.0:61902.0:5048.0:61901.0:5049.0:61898.0:5049.0:61897.0:5050.0:61897.0:5060.0:61898.0:5061.0:61898.0:5063.0:61899.0:5063.0:61902.0:5066.0:61902.0:5068.0:61904.0:5068.0:61905.0:5069.0:61905.0:5072.0:61906.0:5073.0:61906.0:5075.0:61916.0:5075.0:61916.0:5074.0:61918.0:5072.0:61920.0:5072.0:61920.0:5070.0:61922.0:5068.0:61923.0:5068.0:61924.0:5067.0:61924.0:5054.0:61923.0:5053.0:61921.0:5053.0:61920.0:5052.0:61920.0:5049.0:61917.0:5049.0:61915.0:5047.0:61915.0:5046.0:61908.0:5046.0:61907.0:5045.0]
545,545,[61597.0:4782.0:61597.0:4783.0:61596.0:4784.0:61594.0:4784.0:61593.0:4785.0:61589.0:4785.0:61589.0:4787.0:61587.0:4789.0:61586.0:4789.0:61586.0:4795.0:61587.0:4795.0:61588.0:4796.0:61588.0:4799.0:61590.0:4801.0:61590.0:4803.0:61591.0:4803.0:61594.0:4806.0:61594.0:4807.0:61595.0:4807.0:61596.0:4808.0:61597.0:4808.0:61598.0:4809.0:61599.0:4809.0:61600.0:4810.0:61600.0:4811.0:61601.0:4812.0:61603.0:4812.0:61604.0:4811.0:61604.0:4809.0:61605.0:4808.0:61608.0:4808.0:61608.0:4806.0:61610.0:4804.0:61612.0:4804.0:61612.0:4790.0:61611.0:4789.0:61609.0:4789.0:61608.0:4788.0:61608.0:4785.0:61606.0:4785.0:61604.0:4783.0:61604.0:4782.0]
389,389,[60818.0:4321.0:60817.0:4322.0:60817.0:4323.0:60815.0:4325.0:60813.0:4325.0:60813.0:4333.0:60814.0:4334.0:60814.0:4335.0:60816.0:4335.0:60817.0:4336.0:60819.0:4336.0:60821.0:4338.0:60821.0:4343.0:60822.0:4344.0:60832.0:4344.0:60832.0:4341.0:60833.0:4340.0:60835.0:4340.0:60835.0:4337.0:60836.0:4336.0:60836.0:4333.0:60835.0:4332.0:60835.0:4329.0:60834.0:4329.0:60832.0:4327.0:60832.0:4325.0:60831.0:4324.0:60831.0:4322.0:60830.0:4322.0:60829.0:4321.0]
